Company,Year,Dividend,Variation,Nominal,Liquidity
Amen Bank ,2009,1.1,-0.08333333333333326,1.0,1.1
Arab Tunisian Bank ,2009,0.17,0.0,1.0,0.17
Banque de Tunisie ,2009,3.0,0.034482758620689724,25.0,0.12
Banque de l'Habitat,2009,0.6,0.0,10.0,0.06
Union Bancaire pour le Commerce et l'Industrie ,2009,1.06,-0.11666666666666659,5.0,0.21200000000000002
Banque Internationale Arabe de Tunisie ,2009,0.9,-0.09999999999999998,5.0,0.18
Attijari Bank ,2009,0.4,0.0,1.0,0.4
Banque Nationale Agricole,2009,0.4,0.0,1.0,0.4
Union Internationale de Banque,2009,0.4,0.0,1.0,0.4
Société Tunisienne de Banque,2009,0.4,0.0,5.0,0.08
Banque de Tunisie et des Emirats ,2009,1.8,0.0,10.0,0.18
ASTREE Compagnie d'Assurances et de Réassurances ,2009,2.0,0.0,5.0,0.4
Société Tunisienne d'Assurances et de Réassurances ,2009,19.3,0.0,1.0,19.3
Industries Chimiques du Fluor,2009,3.5,0.0,20.0,0.175
Air Liquide Tunisie ,2009,10.5,0.0,10.0,1.05
ALKIMIA,2009,0.6,0.04347826086956519,5.0,0.12
Société Frigorifique et Brasserie de Tunis -SFBT - ,2009,0.6,0.04347826086956519,1.0,0.6
Tunisie Lait,2009,1.5,0.0,1.0,1.5
Tuninvest SICAR,2009,1.5,0.0,1.0,1.5
Placements de Tunisie Sicaf,2009,1.5,0.0,1.0,1.5
Sté de Promotion et de Dévelop.Ind. et Touristique SICAF,2009,0.3,0.0,5.0,0.06
Tunisie Leasing ,2009,0.735,-0.020000000000000018,1.0,0.735
Cie Intenationale de Leasing ,2009,0.725,-0.033333333333333326,1.0,0.725
Arab Tunisian Lease ,2009,0.15,0.0,5.0,0.03
Société Tunisienne d'Entreprises de Télécommunication,2009,0.05,0.0,5.0,0.01
Société Tunisienne de l'Air -TUNISAIR -,2009,0.05,0.0,4.0,0.0125
Société Nouvelle Maison de la Ville de Tunis  -MONOPRIX -,2009,5.6,0.0,5.0,1.1199999999999999
Société Immobilière et de Participation -SIMPAR-,2009,1.5,0.19999999999999996,1.0,1.5
Palm Beach Hotels Tunisia ,2009,1.0,-0.09090909090909083,1.0,1.0
SOTUVER,2009,1.0,-0.09090909090909083,5.0,0.2
SIAME ,2009,0.1,-0.09090909090909083,1.0,0.1
SOTUMAG,2009,0.1,-0.09090909090909083,10.0,0.01
Magasin Général,2009,0.3,-0.5,1.0,0.3
ELECTROSTAR,2009,0.3,-0.5,1.0,0.3
SOTRAPIL,2009,0.3,0.0,1.0,0.3
SIPHAT,2009,0.7,0.0,2.0,0.35
STIP,2009,0.5,-0.23076923076923084,5.0,0.1
STEQ,2009,0.5,-0.23076923076923084,1.0,0.5
SOMOCER,2009,0.05,0.16666666666666674,1.0,0.05
ATTIJARI LEASING,2009,0.35,0.16666666666666674,1.0,0.35
Société l'Accumlateur Tunisien ASSAD ,2009,0.35,0.16666666666666674,10.0,0.034999999999999996
Société Générale Industrielle de Filtration - GIF FILTER SA ,2009,0.15,0.0,1.0,0.15
SITS ,2009,0.12,0.09090909090909083,1.0,0.12
EL WIFACK LEASING,2009,0.29,-0.17142857142857149,1.0,0.29
Société ESSOUKNA ,2009,0.27,0.12500000000000022,5.0,0.054000000000000006
ADWYA,2009,0.27,0.08000000000000007,1.0,0.27
TPR,2009,0.25,0.13636363636363646,1.0,0.25
POULINA GROUP HOLDING,2009,0.25,-0.2500000000000001,5.0,0.05
ARTES,2009,0.6,-0.2500000000000001,1.0,0.6
SOPAT,2009,0.5,0.2727272727272725,1.0,0.5
CIMENTS DE BIZERTE,2009,0.06,0.2727272727272725,5.0,0.012
SERVICOM,2009,1.4,0.2727272727272725,10.0,0.13999999999999999
Amen Bank ,2010,1.4,0.2727272727272725,1.0,1.4
Arab Tunisian Bank ,2010,0.2,0.17647058823529416,1.0,0.2
Banque de Tunisie ,2010,2.9,-0.033333333333333326,5.0,0.58
Banque de l'Habitat,2010,0.65,0.08333333333333348,1.0,0.65
Union Bancaire pour le Commerce et l'Industrie ,2010,1.25,0.17924528301886777,1.0,1.25
Banque Internationale Arabe de Tunisie ,2010,2.0,1.2222222222222223,2.0,1.0
Attijari Bank ,2010,0.45,0.125,10.0,0.045
Banque Nationale Agricole,2010,0.45,0.125,5.0,0.09
Union Internationale de Banque,2010,0.45,0.125,1.0,0.45
Société Tunisienne de Banque,2010,0.45,0.125,5.0,0.09
Banque de Tunisie et des Emirats ,2010,1.8,0.0,1.0,1.8
ASTREE Compagnie d'Assurances et de Réassurances ,2010,2.0,0.0,5.0,0.4
Société Tunisienne d'Assurances et de Réassurances ,2010,1.8,-0.9067357512953368,5.0,0.36
Industries Chimiques du Fluor,2010,3.5,0.0,1.0,3.5
Air Liquide Tunisie ,2010,9.7,-0.07619047619047625,1.0,9.7
ALKIMIA,2010,0.6,0.0,3.0,0.19999999999999998
Société Frigorifique et Brasserie de Tunis -SFBT - ,2010,0.6,0.0,1.0,0.6
Tunisie Lait,2010,3.0,0.06666666666666665,1.0,3.0
Tuninvest SICAR*,2010,3.0,0.06666666666666665,1.0,3.0
Placements de Tunisie Sicaf,2010,1.6,0.06666666666666665,1.0,1.6
Sté de Place. et de Dévelop.Ind. et Touris. SICAF,2010,0.34,0.13333333333333353,1.0,0.34
Tunisie Leasing ,2010,0.85,0.15646258503401356,5.0,0.16999999999999998
Cie Intenationale de Leasing ,2010,0.72,-0.006896551724137945,1.0,0.72
Arab Tunisian Lease ,2010,0.2,0.3333333333333335,1.0,0.2
Société Tunisienne d'Entreprises de Télécommunication,2010,5.8,0.03571428571428581,5.0,1.16
Société Tunisienne de l'Air -TUNISAIR -,2010,5.8,0.03571428571428581,5.0,1.16
Société Nouvelle Maison de la Ville de Tunis  -MONOPRIX -,2010,5.8,0.03571428571428581,1.0,5.8
Société Immobilière et de Participation -SIMPAR-,2010,1.75,0.16666666666666674,1.0,1.75
SOTUVER,2010,2.0,1.0,1.0,2.0
SIAME ,2010,0.035,-0.6499999999999999,25.0,0.0014000000000000002
SOTUMAG,2010,0.035,-0.6499999999999999,10.0,0.0035000000000000005
Magasin Général,2010,0.5,0.6666666666666667,5.0,0.1
ELECTROSTAR,2010,0.5,0.6666666666666667,5.0,0.1
SOTRAPIL,2010,0.35,0.16666666666666674,1.0,0.35
SIPHAT,2010,0.3,-0.5714285714285714,1.0,0.3
STIP,2010,0.55,0.10000000000000009,1.0,0.55
STEQ,2010,0.55,0.10000000000000009,5.0,0.11000000000000001
SOMOCER,2010,0.37,0.05714285714285716,10.0,0.037
ATTIJARI LEASING,2010,0.37,0.05714285714285716,5.0,0.074
Société l'Accumlateur Tunisien ASSAD ,2010,0.37,0.05714285714285716,1.0,0.37
Société Générale Industrielle de Filtration - GIF FILTER SA ,2010,0.17,0.13333333333333353,20.0,0.0085
SITS ,2010,0.18,0.5,10.0,0.018
EL WIFACK LEASING,2010,0.4,0.3793103448275863,5.0,0.08
Société ESSOUKNA ,2010,0.28,0.03703703703703698,1.0,0.28
ADWYA,2010,0.27,0.0,1.0,0.27
TPR,2010,0.25,0.0,1.0,0.25
POULINA GROUP HOLDING,2010,0.275,0.10000000000000009,1.0,0.275
ARTES,2010,0.725,0.20833333333333326,5.0,0.145
SOPAT,2010,0.6,0.19999999999999996,1.0,0.6
CIMENTS DE BIZERTE,2010,0.06,0.0,1.0,0.06
SERVICOM,2010,0.7,0.0,5.0,0.13999999999999999
SALIM - Société d'Assurances SALIM,2010,0.7,0.0,5.0,0.13999999999999999
TUNIS RE - Société Tunisienne de Réassurance,2010,0.375,0.0,4.0,0.09375
ENNAKL Automobiles,2010,0.5,0.0,5.0,0.1
MODERN LEASING,2010,0.7,0.0,1.0,0.7
Carthage Cement,2010,1.4,0.0,1.0,1.4
Amen Bank ,2011,1.4,0.0,5.0,0.27999999999999997
Arab Tunisian Bank ,2011,0.22,0.09999999999999987,1.0,0.22
Banque de Tunisie ,2011,0.24,-0.1724137931034483,10.0,0.024
Banque de l'Habitat,2011,0.825,-0.3400000000000001,1.0,0.825
Union Bancaire pour le Commerce et l'Industrie ,2011,0.825,-0.3400000000000001,1.0,0.825
Banque Internationale Arabe de Tunisie ,2011,2.0,0.0,1.0,2.0
Attijari Bank ,2011,0.4,-0.11111111111111105,2.0,0.2
Banque Nationale Agricole,2011,0.4,-0.11111111111111105,5.0,0.08
Union Internationale de Banque,2011,1.8,0.0,1.0,1.8
Société Tunisienne de Banque,2011,1.8,0.0,1.0,1.8
Banque de Tunisie et des Emirats ,2011,1.8,0.0,1.0,1.8
ASTREE Compagnie d'Assurances et de Réassurances ,2011,1.6,-0.19999999999999996,10.0,0.16
Société Tunisienne d'Assurances et de Réassurances ,2011,1.8,0.0,1.0,1.8
Industries Chimiques du Fluor,2011,2.5,-0.2857142857142857,1.0,2.5
Air Liquide Tunisie ,2011,10.5,0.08247422680412386,1.0,10.5
ALKIMIA,2011,0.6,0.0,5.0,0.12
Société Frigorifique et Brasserie de Tunis -SFBT - ,2011,0.6,0.0,1.0,0.6
Tunisie Lait,2011,1.0,-0.6666666666666667,1.0,1.0
Tuninvest SICAR,2011,1.0,-0.6666666666666667,5.0,0.2
Placements de Tunisie Sicaf,2011,1.8,0.125,1.0,1.8
Sté de Place. et de Dévelop.Ind. et Touris. SICAF,2011,0.42,0.23529411764705865,1.0,0.42
Tunisie Leasing ,2011,0.85,0.0,5.0,0.16999999999999998
Cie Intenationale de Leasing ,2011,0.75,0.04166666666666674,10.0,0.075
Arab Tunisian Lease ,2011,0.2,0.0,1.0,0.2
Société Tunisienne d'Entreprises de Télécommunication,2011,0.4,-0.1428571428571429,1.0,0.4
Société Tunisienne de l'Air -TUNISAIR -,2011,1.5,-0.1428571428571429,5.0,0.3
Société Nouvelle Maison de la Ville de Tunis  -MONOPRIX -,2011,1.5,-0.1428571428571429,1.0,1.5
Société Immobilière et de Participation -SIMPAR-,2011,1.5,-0.1428571428571429,1.0,1.5
SOTUVER,2011,0.25,-0.875,2.0,0.125
SIAME ,2011,0.07,-0.4285714285714286,10.0,0.007000000000000001
SOTUMAG,2011,0.02,-0.4285714285714286,5.0,0.004
Magasin Général,2011,0.4,0.14285714285714302,1.0,0.4
ELECTROSTAR,2011,0.4,0.14285714285714302,5.0,0.08
SOTRAPIL,2011,0.4,0.14285714285714302,1.0,0.4
SIPHAT,2011,0.2,-0.33333333333333326,5.0,0.04
STIP,2011,0.5,-0.09090909090909094,5.0,0.1
STEQ,2011,0.5,-0.09090909090909094,1.0,0.5
SOMOCER,2011,0.37,0.0,1.0,0.37
ATTIJARI LEASING,2011,0.37,0.0,3.0,0.12333333333333334
Société l'Accumlateur Tunisien ASSAD ,2011,0.37,0.0,1.0,0.37
Société Générale Industrielle de Filtration - GIF FILTER SA ,2011,0.15,-0.11764705882352955,1.0,0.15
SITS ,2011,0.15,-0.16666666666666663,1.0,0.15
EL WIFACK LEASING,2011,0.5,0.25,1.0,0.5
Société ESSOUKNA ,2011,0.28,0.0,1.0,0.28
ADWYA,2011,0.2,-0.2592592592592593,5.0,0.04
TPR,2011,0.25,0.0,1.0,0.25
POULINA GROUP HOLDING,2011,0.86,0.18620689655172407,1.0,0.86
ARTES,2011,0.86,0.18620689655172407,5.0,0.172
SOPAT,2011,0.06,-0.9,5.0,0.012
CIMENTS DE BIZERTE,2011,0.06,0.0,1.0,0.06
SERVICOM,2011,0.7,0.0,1.0,0.7
SALIM - Société d'Assurances SALIM,2011,0.7,0.0,1.0,0.7
TUNIS RE - Société Tunisienne de Réassurance,2011,0.375,0.0,1.0,0.375
ENNAKL Automobiles,2011,0.25,-0.5,1.0,0.25
MODERN LEASING,2011,0.35,-0.5,25.0,0.013999999999999999
Telnet holding ,2011,1.4,0.0,10.0,0.13999999999999999
Carthage Cement,2011,1.4,0.0,5.0,0.27999999999999997
Amen Bank ,2012,1.4,0.0,5.0,0.27999999999999997
Arab Tunisian Bank -ATB-,2012,0.2,-0.09090909090909083,1.0,0.2
Banque de Tunisie,2012,0.24,0.0,1.0,0.24
Banque de l'Habitat -BH-,2012,0.4,0.0,1.0,0.4
Union Bancaire pour le Commerce et l'Industrie -UBCI -,2012,0.825,0.0,5.0,0.16499999999999998
Banque Internationale Arabe de Tunisie -BIAT- ,2012,2.0,0.0,10.0,0.2
Attijari Bank ,2012,0.15,0.0,5.0,0.03
Banque Nationale Agricole -BNA-,2012,0.4,0.0,1.0,0.4
Union Internationale de Banque -UIB- ,2012,1.8,0.0,20.0,0.09
Société Tunisienne de Banque -STB-,2012,1.8,0.0,10.0,0.18
Banque de Tunisie et des Emirats  -BTE-,2012,1.8,0.0,5.0,0.36
Compagnie d'Assurances et de Réassurances  -ASTREE-,2012,1.6,0.0,1.0,1.6
Société Tunisienne d'Assurances et de Réassurances ,2012,1.8,0.0,1.0,1.8
Industries Chimiques du Fluor -ICF-,2012,4.8,-0.5428571428571429,1.0,4.8
Air Liquide Tunisie ,2012,4.8,-0.5428571428571429,1.0,4.8
ALKIMIA,2012,2.0,0.0,5.0,0.4
Société Frigorifique et Brasserie de Tunis -SFBT- ,2012,0.6,0.0,1.0,0.6
Tunisie Lait,2012,1.0,0.0,1.0,1.0
Tuninvest- SICAR ,2012,1.0,0.0,5.0,0.2
Placements de Tunisie - SICAF,2012,2.0,0.11111111111111116,5.0,0.4
Sté de Place. et de Dévelop.Ind. et Touris. SICAF,2012,0.42,0.0,4.0,0.105
Tunisie Leasing ,2012,0.85,0.0,5.0,0.16999999999999998
Cie Intenationale de Leasing - CIL-,2012,0.75,0.0,1.0,0.75
Arab Tunisian Lease ,2012,0.2,0.0,1.0,0.2
Société Tunisienne d'Entreprises de Télécommunication,2012,0.2,-0.5,5.0,0.04
Société Tunisienne de l'Air -TUNISAIR -,2012,0.4,0.0,1.0,0.4
Société Nouvelle Maison de la Ville de Tunis  -MONOPRIX-,2012,0.4,0.0,10.0,0.04
Société Immobilière et de Participation -SIMPAR-,2012,1.5,0.0,1.0,1.5
SOTUVER,2012,0.25,0.0,1.0,0.25
SIAME ,2012,0.07,0.0,1.0,0.07
SOTUMAG,2012,0.023,0.1499999999999999,2.0,0.0115
Magasin Général,2012,0.45,0.125,5.0,0.09
ELECTROSTAR,2012,0.45,0.125,1.0,0.45
SOTRAPIL,2012,0.45,0.125,1.0,0.45
SIPHAT,2012,0.05,0.027027027027026973,1.0,0.05
STIP,2012,0.05,0.027027027027026973,10.0,0.005
STEQ,2012,0.05,0.027027027027026973,1.0,0.05
SOMOCER,2012,0.05,0.027027027027026973,1.0,0.05
ATTIJARI LEASING,2012,1.0,0.027027027027026973,1.0,1.0
Société l'Accumlateur Tunisien ASSAD ,2012,0.38,0.027027027027026973,5.0,0.076
Société Générale Industrielle de Filtration -GIF- ,2012,0.15,0.0,1.0,0.15
SITS ,2012,0.1,-0.33333333333333326,1.0,0.1
EL WIFACK LEASING,2012,0.5,0.0,5.0,0.1
Société ESSOUKNA ,2012,0.28,0.0,1.0,0.28
ADWYA,2012,0.22,-0.12,1.0,0.22
TPR,2012,0.22,-0.12,5.0,0.044
POULINA GROUP HOLDING,2012,0.17,0.0625,10.0,0.017
ARTES,2012,0.55,-0.36046511627906974,1.0,0.55
SOPAT,2012,0.05,-0.16666666666666663,1.0,0.05
CIMENTS DE BIZERTE,2012,0.1,0.6666666666666667,5.0,0.02
SERVICOM,2012,0.7,0.0,1.0,0.7
SALIM - Société d'Assurances SALIM,2012,0.7,0.0,1.0,0.7
TUNIS RE - Société Tunisienne de Réassurance,2012,0.325,-0.1333333333333333,2.0,0.1625
ENNAKL Automobiles,2012,0.25,0.0,10.0,0.025
MODERN LEASING,2012,0.25,-0.3928571428571428,5.0,0.05
Telnet holding ,2012,0.25,-0.3928571428571428,1.0,0.25
Carthage Cement,2012,0.1,-0.3928571428571428,5.0,0.02
HEXABYTE,2012,0.1,-0.3928571428571428,1.0,0.1
AMS,2012,0.85,-0.3928571428571428,5.0,0.16999999999999998
Amen Bank ,2013,0.85,-0.3928571428571428,5.0,0.16999999999999998
Arab Tunisian Bank -ATB-,2013,0.22,0.09999999999999987,1.0,0.22
Banque de Tunisie,2013,0.26,0.08333333333333348,1.0,0.26
Banque de l'Habitat -BH-,2013,0.4,0.0,3.0,0.13333333333333333
Union Bancaire pour le Commerce et l'Industrie -UBCI -,2013,0.6,-0.2727272727272727,1.0,0.6
Banque Internationale Arabe de Tunisie -BIAT- ,2013,2.5,0.25,1.0,2.5
Attijari Bank ,2013,1.34,7.933333333333334,1.0,1.34
Banque Nationale Agricole -BNA-,2013,0.4,0.0,1.0,0.4
Union Internationale de Banque -UIB- ,2013,1.8,0.0,1.0,1.8
Société Tunisienne de Banque -STB-,2013,1.8,0.0,5.0,0.36
Banque de Tunisie et des Emirats  -BTE-,2013,1.8,0.0,1.0,1.8
Compagnie d'Assurances et de Réassurances  -ASTREE-,2013,1.3,-0.1875,1.0,1.3
Société Tunisienne d'Assurances et de Réassurances ,2013,1.8,0.0,5.0,0.36
Industries Chimiques du Fluor -ICF-,2013,4.2,0.0625,5.0,0.8400000000000001
Air Liquide Tunisie ,2013,5.1,0.0625,1.0,5.1
ALKIMIA,2013,4.7,1.35,1.109,4.238052299368801
Société Frigorifique et Brasserie de Tunis -SFBT- ,2013,0.65,0.08333333333333348,1.0,0.65
Elbene Industrie,2013,1.0,0.0,1.0,1.0
Tuninvest- SICAR ,2013,1.0,0.0,1.0,1.0
Placements de Tunisie - SICAF,2013,2.0,0.0,25.0,0.08
Sté de Place. et de Dévelop.Ind. et Touris. SICAF,2013,0.55,0.30952380952380976,10.0,0.05500000000000001
Tunisie Leasing ,2013,1.0,0.17647058823529416,5.0,0.2
Cie Intenationale de Leasing - CIL-,2013,0.75,0.0,5.0,0.15
Arab Tunisian Lease ,2013,0.2,0.0,1.0,0.2
Société Tunisienne d'Entreprises de Télécommunication,2013,0.2,0.0,1.0,0.2
Société Tunisienne de l'Air -TUNISAIR -,2013,0.6,0.4999999999999998,1.0,0.6
Société Nouvelle Maison de la Ville de Tunis  -MONOPRIX-,2013,0.6,0.4999999999999998,5.0,0.12
Société Immobilière et de Participation -SIMPAR-,2013,1.5,0.0,10.0,0.15
SOTUVER,2013,0.2,-0.19999999999999996,5.0,0.04
SIAME ,2013,0.07,0.0,5.0,0.014000000000000002
SOTUMAG,2013,0.06,1.608695652173913,1.0,0.06
Magasin Général,2013,0.4,-0.11111111111111105,20.0,0.02
ELECTROSTAR,2013,0.4,-0.11111111111111105,10.0,0.04
SOTRAPIL,2013,0.4,-0.11111111111111105,5.0,0.08
SIPHAT,2013,0.06,0.19999999999999996,1.0,0.06
STIP,2013,0.06,0.19999999999999996,1.0,0.06
STEQ,2013,0.06,0.19999999999999996,1.0,0.06
SOMOCER,2013,0.06,0.19999999999999996,1.0,0.06
ATTIJARI LEASING,2013,1.2,0.19999999999999996,5.0,0.24
Société l'Accumlateur Tunisien ASSAD ,2013,0.38,0.0,1.0,0.38
Société Générale Industrielle de Filtration -GIF- ,2013,0.1,-0.33333333333333326,1.0,0.1
SITS ,2013,0.18,0.7999999999999998,5.0,0.036
EL WIFACK LEASING,2013,0.55,0.10000000000000009,5.0,0.11000000000000001
Société ESSOUKNA ,2013,0.28,0.0,2.0,0.14
ADWYA,2013,0.15,0.0,1.0,0.15
TPR,2013,0.22,0.0,1.0,0.22
POULINA GROUP HOLDING,2013,0.2,0.17647058823529416,5.0,0.04
ARTES,2013,0.5,-0.09090909090909094,1.0,0.5
SOPAT,2013,0.85,0.0,10.0,0.08499999999999999
CIMENTS DE BIZERTE,2013,0.85,0.2142857142857144,1.0,0.85
SERVICOM,2013,0.85,0.2142857142857144,1.0,0.85
SALIM - Société d'Assurances SALIM,2013,0.85,0.2142857142857144,1.0,0.85
TUNIS RE - Société Tunisienne de Réassurance,2013,0.35,0.07692307692307687,2.0,0.175
ENNAKL Automobiles,2013,0.333,0.3320000000000001,5.0,0.0666
MODERN LEASING,2013,0.3,0.19999999999999996,1.0,0.3
Telnet holding ,2013,0.3,0.19999999999999996,1.0,0.3
Carthage Cement,2013,0.1,0.0,1.0,0.1
HEXABYTE,2013,0.1,0.0,10.0,0.01
Land'or ,2013,0.355,0.6666666666666667,1.0,0.355
AETECH,2013,0.355,0.6666666666666667,1.0,0.355
NEW BODY LINE ,2013,0.355,0.6666666666666667,1.0,0.355
ONE TECH,2013,0.25,0.6666666666666667,5.0,0.05
BEST LEASE,2013,0.25,0.6666666666666667,1.0,0.25
HANNIBAL LEASE,2013,0.25,0.6666666666666667,1.0,0.25
EURO CYCLES,2013,0.25,0.6666666666666667,1.0,0.25
SYPHAX AIRLINES,2013,0.25,0.6666666666666667,1.0,0.25
CITY CARS,2013,0.25,0.6666666666666667,5.0,0.05
AMS,2013,0.25,0.6666666666666667,10.0,0.025
ADWYA,2014,0.25,0.6666666666666667,1.0,0.25
AETECH,2014,6.2,0.21568627450980404,1.0,6.2
Air Liquide Tunisie ,2014,6.2,0.21568627450980404,5.0,1.24
ALKIMIA,2014,6.42,0.3659574468085105,1.0,6.42
Amen Bank ,2014,1.0,0.17647058823529416,1.0,1.0
AMS,2014,0.22,0.0,2.0,0.11
Arab Tunisian Bank -ATB-,2014,0.22,0.0,10.0,0.022
Arab Tunisian Lease ,2014,0.2,0.0,5.0,0.04
ARTES,2014,0.415,-0.17000000000000004,1.0,0.415
Attijari Bank ,2014,1.34,0.0,5.0,0.268
ATTIJARI LEASING,2014,1.0,-0.16666666666666663,1.0,1.0
Banque de l'Habitat -BH-,2014,0.26,0.0,5.0,0.052000000000000005
Banque de Tunisie,2014,0.26,0.0,5.0,0.052000000000000005
Banque de Tunisie et des Emirats  -BTE-,2014,1.8,0.0,1.0,1.8
Banque Internationale Arabe de Tunisie -BIAT- ,2014,2.5,0.0,1.0,2.5
Banque Nationale Agricole -BNA-,2014,0.1,0.0,3.0,0.03333333333333333
BEST LEASE,2014,0.1,0.0,1.0,0.1
Carthage Cement,2014,0.13,0.0,1.0,0.13
CELLCOM,2014,0.13,0.0,1.0,0.13
CEREALIS,2014,0.75,0.0,1.0,0.75
Cie Intenationale de Leasing - CIL-,2014,0.75,0.0,1.0,0.75
CIMENTS DE BIZERTE,2014,0.67,0.15384615384615374,5.0,0.134
CITY CARS,2014,0.67,0.15384615384615374,1.0,0.67
Compagnie d'Assurances et de Réassurances  -ASTREE-,2014,1.5,0.15384615384615374,5.0,0.3
EL WIFACK LEASING,2014,0.6,0.09090909090909083,1.0,0.6
Elbene Industrie,2014,0.4,0.20120120120120122,5.0,0.08
ELECTROSTAR,2014,0.4,0.20120120120120122,5.0,0.08
ENNAKL Automobiles,2014,0.4,0.20120120120120122,1.0,0.4
EURO CYCLES,2014,0.75,0.19999999999999996,1.109,0.6762849413886384
HANNIBAL LEASE,2014,0.3,0.19999999999999996,1.0,0.3
HEXABYTE,2014,0.12,0.19999999999999996,1.0,0.12
Industries Chimiques du Fluor -ICF-,2014,2.23,-0.46904761904761905,1.0,2.23
Land'or ,2014,0.2,0.12676056338028174,25.0,0.008
Magasin Général,2014,0.2,0.12676056338028174,10.0,0.02
Maghreb International Publicité -MIP -,2014,0.2,0.12676056338028174,5.0,0.04
Manufacture de Panneaux Bois du Sud - MPBS -,2014,0.2,0.12676056338028174,5.0,0.04
MODERN LEASING,2014,0.4,0.12676056338028174,1.0,0.4
NEW BODY LINE ,2014,0.4,0.12676056338028174,1.0,0.4
ONE TECH HOLDING,2014,0.21,0.0,1.0,0.21
Placements de Tunisie - SICAF,2014,2.0,0.0,5.0,0.4
POULINA GROUP HOLDING,2014,0.21,0.04999999999999982,10.0,0.020999999999999998
SERVICOM,2014,0.1,0.4285714285714286,5.0,0.02
SIAME ,2014,0.1,0.4285714285714286,5.0,0.02
SIPHAT,2014,0.05,-0.7222222222222222,1.0,0.05
SITS ,2014,0.05,-0.7222222222222222,20.0,0.0025
Société d'Articles Hygiéniques SAH -,2014,0.355,0.0,10.0,0.0355
Société d'Assurances SALIM,2014,0.85,0.0,5.0,0.16999999999999998
Société de Fabrication des Boissons de Tunisie -SFBT- ,2014,0.65,0.0,1.0,0.65
Société de Production Agricole Teboulba - SOPAT -,2014,0.5,0.25,1.0,0.5
Société de Transport des Hydrocarbures par Pipelines - SOTRAPIL -,2014,0.5,0.25,1.0,0.5
Société Délice Holding,2014,0.28,0.0,1.0,0.28
Société ESSOUKNA ,2014,0.28,0.0,5.0,0.05600000000000001
Société Générale Industrielle de Filtration -GIF- ,2014,0.1,0.0,1.0,0.1
Société Immobilière et de Participation -SIMPAR-,2014,1.5,0.0,1.0,1.5
Société l'Accumlateur Tunisien ASSAD ,2014,0.38,0.0,5.0,0.076
Société Moderne de Céramique -SOMOCER-,2014,0.05,-0.16666666666666663,5.0,0.01
Société Nouvelle Maison de la Ville de Tunis  -MONOPRIX-,2014,0.6,0.0,2.0,0.3
Société Tunisienne d'Assurances et de Réassurances - STAR-,2014,1.8,0.0,1.0,1.8
Société Tunisienne de Banque -STB-,2014,0.35,0.0,1.0,0.35
Société Tunisienne de l'Air -TUNISAIR -,2014,0.35,0.0,5.0,0.06999999999999999
Société Tunisienne de Réassurance -TUNIS RE -,2014,0.35,0.0,1.0,0.35
Société Tunisienne de Verreries - SOTUVER -,2014,0.2,0.0,10.0,0.02
Société Tunisienne d'Entreprises de Télécommunications - SOTETEL -,2014,0.08,0.3333333333333335,1.0,0.08
Société Tunisienne d'Equpement - STEQ -,2014,0.08,0.3333333333333335,1.0,0.08
Société Tunisienne des Marchés de Gros - SOTUMAG -,2014,0.08,0.3333333333333335,1.0,0.08
Société Tunisienne Industrielle du Papier et du Carton - SOTIPAPIER -,2014,0.25,0.0,2.0,0.125
Société Tunisiennes des Induustries Pneumatiques -STIP -,2014,0.045,0.0,5.0,0.009
SOTEMAIL,2014,0.045,0.0,1.0,0.045
Sté de Place. et de Dévelop.Ind. et Touris. SICAF - SPDIT -,2014,0.55,0.0,1.0,0.55
SYPHAX AIRLINES,2014,0.3,0.0,1.0,0.3
Tawasol Group Holding,2014,0.3,0.0,10.0,0.03
Telnet holding ,2014,0.3,0.0,1.0,0.3
Tuninvest- SICAR ,2014,1.0,0.0,1.0,1.0
Tunisie Leasing ,2014,1.0,0.0,1.0,1.0
Tunisie Profilés Aluminium -TPR-,2014,0.23,0.045454545454545414,5.0,0.046
Union Bancaire pour le Commerce et l'Industrie -UBCI -,2014,0.3,-0.5,1.0,0.3
Union Internationale de Banque -UIB- ,2014,0.27,0.08000000000000007,1.0,0.27
ADWYA,2015,0.27,0.08000000000000007,1.0,0.27
AE-TECH,2015,5.2,-0.16129032258064513,1.0,5.2
Air Liquide Tunisie ,2015,5.2,-0.16129032258064513,5.0,1.04
ALKIMIA,2015,5.0,-0.22118380062305298,10.0,0.5
Amen Bank ,2015,1.0,0.0,1.0,1.0
AMS,2015,0.23,0.045454545454545414,1.0,0.23
Arab Tunisian Bank -ATB-,2015,0.23,0.045454545454545414,5.0,0.046
Arab Tunisian Lease ,2015,0.2,0.0,1.0,0.2
ARTES,2015,0.45,0.08433734939759052,1.0,0.45
Attijari Bank ,2015,1.5,0.11940298507462677,2.0,0.75
ATTIJARI LEASING,2015,1.2,0.19999999999999996,10.0,0.12
Banque de l'Habitat -BH-,2015,0.3,0.15384615384615374,5.0,0.06
Banque de Tunisie,2015,0.3,0.15384615384615374,1.0,0.3
Banque de Tunisie et des Emirats  -BTE-,2015,3.0,0.19999999999999996,5.0,0.6
Banque Internationale Arabe de Tunisie -BIAT- ,2015,3.0,0.19999999999999996,1.0,3.0
Banque Nationale Agricole -BNA-,2015,0.1,0.0,5.0,0.02
BEST LEASE,2015,0.1,0.0,5.0,0.02
Carthage Cement,2015,0.165,0.26923076923076916,1.0,0.165
CELLCOM,2015,0.165,0.26923076923076916,1.0,0.165
CEREALIS,2015,0.125,0.0,3.0,0.041666666666666664
Cie Intenationale de Leasing - CIL-,2015,0.75,0.0,1.0,0.75
CIMENTS DE BIZERTE,2015,0.8,0.19402985074626855,1.0,0.8
CITY CARS,2015,0.8,0.19402985074626855,1.0,0.8
Compagnie d'Assurances et de Réassurances  -ASTREE-,2015,1.7,0.1333333333333333,1.0,1.7
 WIFACK INTERNATIONAL BANK,2015,0.65,0.08333333333333348,1.0,0.65
Elbene Industrie,2015,0.5,0.25,5.0,0.1
ELECTROSTAR,2015,0.5,0.25,1.0,0.5
ENNAKL Automobiles,2015,0.5,0.25,5.0,0.1
EURO CYCLES,2015,0.014,-0.9813333333333333,1.0,0.014
HANNIBAL LEASE,2015,0.35,0.16666666666666674,5.0,0.06999999999999999
HEXABYTE,2015,0.3,1.5,5.0,0.06
Industries Chimiques du Fluor -ICF-,2015,1.3,-0.4170403587443946,1.0,1.3
Land'or ,2015,0.3,0.1499999999999999,1.109,0.27051397655545534
Magasin Général,2015,0.3,0.1499999999999999,1.0,0.3
Maghreb International Publicité -MIP -,2015,0.23,0.1499999999999999,1.0,0.23
Manufacture de Panneaux Bois du Sud - MPBS -,2015,0.23,0.1499999999999999,1.0,0.23
MODERN LEASING,2015,0.25,0.04999999999999982,25.0,0.01
NEW BODY LINE ,2015,0.42,0.04999999999999982,10.0,0.041999999999999996
ONE TECH HOLDING,2015,0.225,0.0714285714285714,5.0,0.045
OFFICE PLAST,2015,2.2,0.10000000000000009,5.0,0.44000000000000006
Placements de Tunisie - SICAF,2015,2.2,0.10000000000000009,1.0,2.2
POULINA GROUP HOLDING,2015,0.22,0.04761904761904767,1.0,0.22
SERVICOM,2015,0.1,0.0,1.0,0.1
SIAME ,2015,0.1,0.0,10.0,0.01
SIPHAT,2015,0.1,1.0,5.0,0.02
SITS ,2015,0.1,1.0,10.0,0.01
Société d'Articles Hygiéniques SAH -,2015,0.202,-0.4309859154929577,5.0,0.040400000000000005
Société d'Assurances SALIM,2015,0.95,0.11764705882352944,5.0,0.19
Société de Fabrication des Boissons de Tunisie -SFBT- ,2015,0.65,0.0,1.0,0.65
Société de Production Agricole Teboulba - SOPAT -,2015,0.5,0.0,20.0,0.025
Société de Transport des Hydrocarbures par Pipelines - SOTRAPIL -,2015,0.5,0.0,10.0,0.05
Société Délice Holding,2015,0.64,-0.14285714285714302,5.0,0.128
Société ESSOUKNA ,2015,0.24,-0.14285714285714302,1.0,0.24
Société Générale Industrielle de Filtration -GIF- ,2015,0.045,-0.55,1.0,0.045
Société Immobilière et de Participation -SIMPAR-,2015,1.5,0.0,1.0,1.5
Société l'Accumlateur Tunisien ASSAD ,2015,0.3,-0.21052631578947367,1.0,0.3
Société Moderne de Céramique -SOMOCER-,2015,0.05,0.0,5.0,0.01
Société Nouvelle Maison de la Ville de Tunis  -MONOPRIX-,2015,3.4,0.8888888888888888,1.0,3.4
Société Tunisienne d'Assurances et de Réassurances - STAR-,2015,3.4,0.8888888888888888,1.0,3.4
Société Tunisienne de Banque -STB-,2015,0.5,0.4285714285714286,5.0,0.1
Société Tunisienne de l'Air -TUNISAIR -,2015,0.5,0.4285714285714286,5.0,0.1
Société Tunisienne de Réassurance -TUNIS RE -,2015,0.5,0.4285714285714286,2.0,0.25
Société Tunisienne de Verreries - SOTUVER -,2015,0.2,0.0,1.0,0.2
Société Tunisienne d'Entreprises de Télécommunications - SOTETEL -,2015,0.2,0.25,1.0,0.2
Société Tunisienne d'Equpement - STEQ -,2015,0.2,0.25,5.0,0.04
Société Tunisienne des Marchés de Gros - SOTUMAG -,2015,0.1,0.25,10.0,0.01
Société Tunisienne Industrielle du Papier et du Carton - SOTIPAPIER -,2015,0.15,-0.4,1.0,0.15
Société Tunisiennes des Induustries Pneumatiques -STIP -,2015,0.06,0.33333333333333326,1.0,0.06
SOTEMAIL,2015,0.06,0.33333333333333326,1.0,0.06
Sté de Place. et de Dévelop.Ind. et Touris. SICAF - SPDIT -,2015,0.53,-0.036363636363636376,2.0,0.265
Tawasol Group Holding,2015,0.035,-0.9,5.0,0.007000000000000001
Telnet holding ,2015,0.1,-0.9,1.0,0.1
Tuninvest- SICAR ,2015,0.1,-0.9,1.0,0.1
Tunisie Leasing ,2015,1.0,0.0,1.0,1.0
Tunisie Profilés Aluminium -TPR-,2015,0.23,0.0,10.0,0.023
UADH,2015,0.7,1.3333333333333335,1.0,0.7
Union Bancaire pour le Commerce et l'Industrie -UBCI -,2015,0.7,1.3333333333333335,1.0,0.7
Union Internationale de Banque -UIB- ,2015,0.5,-0.1111111111111112,1.0,0.5
ADWYA,2016,0.24,-0.1111111111111112,5.0,0.048
AE-TECH,2016,5.0,-0.03846153846153849,1.0,5.0
Air Liquide Tunisie ,2016,5.0,-0.03846153846153849,1.0,5.0
ALKIMIA,2016,1.1,0.10000000000000009,1.0,1.1
Amen Bank ,2016,1.1,0.10000000000000009,1.0,1.1
AMS,2016,0.23,0.0,5.0,0.046
Arab Tunisian Bank -ATB-,2016,0.23,0.0,10.0,0.023
Arab Tunisian Lease ,2016,0.22,0.09999999999999995,1.0,0.22
ARTES,2016,0.57,0.26666666666666655,1.0,0.57
Attijari Bank ,2016,1.5,0.0,5.0,0.3
ATTIJARI LEASING,2016,1.4,0.16666666666666663,1.0,1.4
Banque de l'Habitat -BH-,2016,0.3,0.0,1.0,0.3
Banque de Tunisie,2016,0.3,0.0,2.0,0.15
Banque de Tunisie et des Emirats  -BTE-,2016,4.0,0.3333333333333333,10.0,0.4
Banque Internationale Arabe de Tunisie -BIAT- ,2016,4.0,0.3333333333333333,5.0,0.8
Banque Nationale Agricole -BNA-,2016,0.1,0.0,1.0,0.1
BEST LEASE,2016,0.1,0.0,5.0,0.02
Carthage Cement,2016,0.21,0.2727272727272726,1.0,0.21
CELLCOM,2016,0.21,0.2727272727272726,5.0,0.041999999999999996
CEREALIS,2016,0.085,-0.31999999999999995,1.0,0.085
Cie Intenationale de Leasing - CIL-,2016,0.85,0.1333333333333333,1.0,0.85
CIMENTS DE BIZERTE,2016,0.92,0.15,3.0,0.3066666666666667
CITY CARS,2016,0.92,0.15,1.0,0.92
Compagnie d'Assurances et de Réassurances  -ASTREE-,2016,2.0,0.17647058823529416,1.0,2.0
WIFACK INTERNATIONAL BANK,2016,0.65,0.30000000000000004,1.0,0.65
Elbene Industrie,2016,0.65,0.30000000000000004,1.0,0.65
ELECTROSTAR,2016,0.65,0.30000000000000004,1.0,0.65
ENNAKL Automobiles,2016,0.65,0.30000000000000004,5.0,0.13
EURO CYCLES,2016,1.4,0.0,1.0,1.4
HANNIBAL LEASE,2016,0.41,0.17142857142857143,1.0,0.41
HEXABYTE,2016,0.35,0.16666666666666663,5.0,0.06999999999999999
Industries Chimiques du Fluor -ICF-,2016,0.8,-0.3846153846153846,5.0,0.16
Land'or ,2016,0.1,0.5000000000000001,1.0,0.1
Magasin Général,2016,0.45,0.5000000000000001,1.109,0.4057709648331831
Maghreb International Publicité -MIP -,2016,0.2,-0.13043478260869565,1.0,0.2
Manufacture de Panneaux Bois du Sud - MPBS -,2016,0.2,-0.13043478260869565,5.0,0.04
MODERN LEASING,2016,0.25,0.0,1.0,0.25
NEW BODY LINE ,2016,0.45,0.0714285714285715,1.0,0.45
ONE TECH HOLDING,2016,0.225,0.0,25.0,0.009000000000000001
OFFICE PLAST,2016,0.05,-0.09090909090909098,10.0,0.005
Placements de Tunisie - SICAF,2016,2.0,-0.09090909090909098,5.0,0.4
POULINA GROUP HOLDING,2016,0.23,0.0454545454545455,5.0,0.046
SERVICOM,2016,0.12,0.1999999999999999,1.0,0.12
SIAME ,2016,0.12,0.1999999999999999,1.0,0.12
SIPHAT,2016,0.1,0.0,1.0,0.1
SITS ,2016,0.1,0.0,10.0,0.01
Société d'Articles Hygiéniques SAH -,2016,0.285,0.4108910891089107,1.0,0.285
Société d'Assurances SALIM,2016,1.0,0.052631578947368474,5.0,0.2
Société de Fabrication des Boissons de Tunisie -SFBT- ,2016,0.65,0.0,10.0,0.065
Société de Production Agricole Teboulba - SOPAT -,2016,0.6,0.19999999999999996,5.0,0.12
Société de Transport des Hydrocarbures par Pipelines - SOTRAPIL -,2016,0.6,0.19999999999999996,5.0,0.12
Société Délice Holding,2016,0.45,-0.296875,1.0,0.45
Société ESSOUKNA ,2016,0.24,0.0,20.0,0.012
Société Générale Industrielle de Filtration -GIF- ,2016,1.5,0.0,5.0,0.3
Société Immobilière et de Participation -SIMPAR-,2016,1.5,0.0,5.0,0.3
Société l'Accumlateur Tunisien ASSAD ,2016,0.4,1.7058823529411762,1.0,0.4
Société Moderne de Céramique -SOMOCER-,2016,0.4,1.7058823529411762,1.0,0.4
Société Nouvelle Maison de la Ville de Tunis  -MONOPRIX-,2016,0.4,1.7058823529411762,1.0,0.4
Société Tunisienne d'Assurances et de Réassurances - STAR-,2016,9.2,1.7058823529411762,1.0,9.2
Société Tunisienne de Banque -STB-,2016,0.5,0.0,5.0,0.1
Société Tunisienne de l'Air -TUNISAIR -,2016,0.5,0.0,1.0,0.5
Société Tunisienne de Réassurance -TUNIS RE -,2016,0.5,0.0,1.0,0.5
Société Tunisienne de Verreries - SOTUVER -,2016,0.21,0.049999999999999906,5.0,0.041999999999999996
Société Tunisienne d'Entreprises de Télécommunications - SOTETEL -,2016,0.1,0.0,5.0,0.02
Société Tunisienne d'Equpement - STEQ -,2016,0.1,0.0,2.0,0.05
Société Tunisienne des Marchés de Gros - SOTUMAG -,2016,0.1,0.0,1.0,0.1
Société Tunisienne Industrielle du Papier et du Carton - SOTIPAPIER -,2016,0.2,0.3333333333333335,1.0,0.2
Société Tunisiennes des Induustries Pneumatiques -STIP -,2016,0.04,-0.3333333333333333,5.0,0.008
SOTEMAIL,2016,0.04,-0.3333333333333333,10.0,0.004
Sté de Place. et de Dévelop.Ind. et Touris. SICAF - SPDIT -,2016,0.55,0.03773584905660381,1.0,0.55
Tawasol Group Holding,2016,0.025,-0.28571428571428575,1.0,0.025
Telnet holding ,2016,0.5,4.0,1.0,0.5
Tuninvest- SICAR ,2016,0.5,4.0,2.0,0.25
Tunisie Leasing ,2016,1.0,0.0,5.0,0.2
Tunisie Profilés Aluminium -TPR-,2016,0.2,-0.13043478260869565,1.0,0.2
UADH,2016,0.065,0.5714285714285716,1.0,0.065
Union Bancaire pour le Commerce et l'Industrie -UBCI -,2016,1.1,0.5714285714285716,1.0,1.1
Union Internationale de Banque -UIB- ,2016,0.55,0.10000000000000009,10.0,0.05500000000000001
Unité de Fabrication de Médicaments «UNIMED»,2016,0.31,-0.25999999999999995,1.0,0.31
ADWYA,2017,3.7,-0.25999999999999995,1.0,3.7
AE-TECH,2017,3.7,-0.25999999999999995,1.0,3.7
Air Liquide Tunisie,2017,3.7,-0.25999999999999995,5.0,0.74
ALKIMIA,2017,1.15,0.04545454545454529,1.0,1.15
Amen Bank,2017,1.15,0.04545454545454529,1.0,1.15
AMS,2017,0.23,0.0,1.0,0.23
Arab Tunisian Bank -ATB-,2017,0.23,0.0,1.0,0.23
Arab Tunisian Lease,2017,0.24,0.09090909090909087,5.0,0.048
ARTES,2017,0.52,-0.08771929824561392,10.0,0.052000000000000005
Attijari Bank,2017,2.0,0.3333333333333333,1.0,2.0
ATTIJARI LEASING,2017,1.4,0.0,1.0,1.4
Banque de l'Habitat -BH-,2017,0.3,0.2,5.0,0.06
Banque de Tunisie,2017,0.36,0.2,1.0,0.36
Banque de Tunisie et des Emirats  -BTE-,2017,4.0,0.0,1.0,4.0
Banque Internationale Arabe de Tunisie -BIAT-,2017,4.0,0.0,2.0,2.0
Banque Nationale Agricole -BNA-,2017,0.11,0.09999999999999995,10.0,0.011
BEST LEASE,2017,0.11,0.09999999999999995,5.0,0.022
Carthage Cement,2017,0.224,0.06666666666666674,1.0,0.224
CELLCOM,2017,0.224,0.06666666666666674,5.0,0.0448
CEREALIS,2017,0.105,0.23529411764705868,1.0,0.105
Cie Intenationale de Leasing - CIL-,2017,0.85,0.0,5.0,0.16999999999999998
CIMENTS DE BIZERTE,2017,0.92,0.0,1.0,0.92
CITY CARS,2017,0.92,0.0,1.09,0.8440366972477064
Compagnie d'Assurances et de Réassurances  -ASTREE-,2017,2.2,0.10000000000000009,3.0,0.7333333333333334
WIFACK INTERNATIONAL BANK,2017,0.65,0.0,1.0,0.65
Elbene Industrie,2017,0.65,0.0,1.0,0.65
ELECTROSTAR,2017,0.65,0.0,1.0,0.65
ENNAKL Automobiles,2017,0.65,0.0,1.0,0.65
EURO CYCLES,2017,1.4,0.0,1.0,1.4
HANNIBAL LEASE,2017,0.55,0.34146341463414653,5.0,0.11000000000000001
HEXABYTE,2017,0.3,-0.14285714285714282,1.0,0.3
Industries Chimiques du Fluor -ICF-,2017,1.0,0.24999999999999994,1.0,1.0
Land'or,2017,0.2,1.0,5.0,0.04
Magasin Général,2017,0.6,0.33333333333333326,5.0,0.12
Maghreb International Publicité -MIP -,2017,0.15,-0.25000000000000006,1.0,0.15
Manufacture de Panneaux Bois du Sud - MPBS -,2017,0.15,-0.25000000000000006,1.355,0.11070110701107011
MODERN LEASING,2017,0.3,0.19999999999999996,1.0,0.3
NEW BODY LINE,2017,0.37,-0.1777777777777778,5.0,0.074
ONE TECH HOLDING,2017,0.26,0.15555555555555556,10.0,0.026000000000000002
OFFICE PLAST,2017,0.055,0.09999999999999995,10.0,0.0055
Placements de Tunisie - SICAF,2017,2.0,0.0,10.0,0.2
POULINA GROUP HOLDING,2017,0.28,0.21739130434782614,10.0,0.028000000000000004
SERVICOM,2017,0.07,-0.4166666666666666,10.0,0.007000000000000001
SIAME,2017,0.07,-0.4166666666666666,10.0,0.007000000000000001
SIPHAT,2017,1.0,0.0,10.0,0.1
SITS,2017,1.0,0.0,10.0,0.1
Société d'Articles Hygiéniques SAH -,2017,1.0,0.0,10.0,0.1
Société d'Assurances SALIM,2017,1.0,0.0,10.0,0.1
Société de Fabrication des Boissons de Tunisie -SFBT-,2017,0.65,0.0,10.0,0.065
Société de Production Agricole Teboulba - SOPAT -,2017,0.65,0.08333333333333341,10.0,0.065
Société de Transport des Hydrocarbures par Pipelines - SOTRAPIL -,2017,0.65,0.08333333333333341,10.0,0.065
Société Délice Holding,2017,0.42,-0.06666666666666672,10.0,0.041999999999999996
Société ESSOUKNA,2017,0.24,0.0,10.0,0.024
Société Générale Industrielle de Filtration -GIF-,2017,1.5,0.0,10.0,0.15
Société Immobilière et de Participation -SIMPAR-,2017,1.5,0.0,10.0,0.15
Société l'Accumlateur Tunisien ASSAD,2017,0.06,-0.7065217391304347,10.0,0.006
Société Moderne de Céramique -SOMOCER-,2017,2.7,-0.7065217391304347,10.0,0.27
Société Nouvelle Maison de la Ville de Tunis  -MONOPRIX-,2017,2.7,-0.7065217391304347,10.0,0.27
Société Tunisienne d'Assurances et de Réassurances - STAR-,2017,2.7,-0.7065217391304347,10.0,0.27
Société Tunisienne de Banque -STB-,2017,0.5,0.0,10.0,0.05
Société Tunisienne de l'Air -TUNISAIR -,2017,0.5,0.0,10.0,0.05
Société Tunisienne de Réassurance -TUNIS RE -,2017,0.5,0.0,10.0,0.05
Société Tunisienne de Verreries - SOTUVER -,2017,0.22,0.047619047619047665,10.0,0.022
Société Tunisienne d'Entreprises de Télécommunications - SOTETEL -,2017,0.1,0.0,10.0,0.01
Société Tunisienne d'Equpement - STEQ -,2017,0.1,0.0,10.0,0.01
Société Tunisienne des Marchés de Gros - SOTUMAG -,2017,0.1,0.0,10.0,0.01
Société Tunisienne Industrielle du Papier et du Carton - SOTIPAPIER -,2017,0.2,0.0,10.0,0.02
Société Tunisiennes des Induustries Pneumatiques -STIP -,2017,0.55,0.0,10.0,0.05500000000000001
SOTEMAIL,2017,0.55,0.0,10.0,0.05500000000000001
Sté de Place. et de Dévelop.Ind. et Touris. SICAF - SPDIT -,2017,0.55,0.0,10.0,0.05500000000000001
Tawasol Group Holding,2017,0.2,0.0,10.0,0.02
Telnet holding,2017,0.2,0.0,10.0,0.02
Tuninvest- SICAR,2017,0.5,0.0,10.0,0.05
Tunisie Leasing,2017,1.0,0.0,10.0,0.1
Tunisie Profilés Aluminium -TPR-,2017,0.2,0.0,10.0,0.02
UADH,2017,0.15,1.3076923076923075,10.0,0.015
Union Bancaire pour le Commerce et l'Industrie -UBCI -,2017,0.7,-0.3636363636363637,10.0,0.06999999999999999
Union Internationale de Banque -UIB-,2017,0.6,0.09090909090909079,10.0,0.06
Unité de Fabrication de Médicaments «UNIMED»,2017,0.225,-0.27419354838709675,10.0,0.0225
SANIMED,2017,0.065,0.10810810810810796,10.0,0.006500000000000001
Société Atelier du Meuble Interieur - SAM -,2017,0.3,0.10810810810810796,10.0,0.03
ADWYA,2018,0.15,0.10810810810810796,10.0,0.015
AE-TECH,2018,4.1,0.10810810810810796,10.0,0.41
Air Liquide Tunisie ,2018,4.1,0.10810810810810796,10.0,0.41
ALKIMIA,2018,1.25,0.08695652173913052,10.0,0.125
Amen Bank ,2018,1.25,0.08695652173913052,10.0,0.125
AMS,2018,0.23,0.0,10.0,0.023
Arab Tunisian Bank -ATB-,2018,0.23,0.0,10.0,0.023
Arab Tunisian Lease ,2018,0.25,0.041666666666666706,10.0,0.025
ARTES,2018,0.615,0.18269230769230763,10.0,0.0615
Attijari Bank ,2018,1.2,-0.4,10.0,0.12
ATTIJARI LEASING,2018,1.2,-0.14285714285714282,10.0,0.12
Banque de l'Habitat -BH-,2018,0.6,1.0,10.0,0.06
Banque de Tunisie,2018,0.4,0.11111111111111122,10.0,0.04
Banque de Tunisie et des Emirats  -BTE-,2018,4.25,0.0625,10.0,0.425
Banque Internationale Arabe de Tunisie -BIAT- ,2018,4.25,0.0625,10.0,0.425
Banque Nationale Agricole -BNA-,2018,0.12,0.09090909090909087,10.0,0.012
BEST LEASE,2018,0.12,0.09090909090909087,10.0,0.012
Carthage Cement,2018,0.13,0.2380952380952382,10.0,0.013000000000000001
CELLCOM,2018,0.13,0.2380952380952382,10.0,0.013000000000000001
CEREALIS,2018,0.13,0.2380952380952382,10.0,0.013000000000000001
Cie Intenationale de Leasing - CIL-,2018,0.9,0.05882352941176476,10.0,0.09
CIMENTS DE BIZERTE,2018,0.92,0.0,10.0,0.092
CITY CARS,2018,0.92,0.0,10.0,0.092
Compagnie d'Assurances et de Réassurances  -ASTREE-,2018,1.6,-0.27272727272727276,10.0,0.16
WIFACK INTERNATIONAL BANK,2018,0.65,0.0,10.0,0.065
Elbene Industrie,2018,0.65,0.0,10.0,0.065
ELECTROSTAR,2018,0.65,0.0,10.0,0.065
ENNAKL Automobiles,2018,0.65,0.0,10.0,0.065
EURO CYCLES,2018,1.5,0.0714285714285715,10.0,0.15
HANNIBAL LEASE,2018,0.5,-0.09090909090909098,10.0,0.05
HEXABYTE,2018,0.35,0.16666666666666663,10.0,0.034999999999999996
Industries Chimiques du Fluor -ICF-,2018,4.0,3.0,10.0,0.4
Land'or ,2018,0.7,0.16666666666666663,10.0,0.06999999999999999
Magasin Général,2018,0.7,0.16666666666666663,10.0,0.06999999999999999
Maghreb International Publicité -MIP -,2018,0.18,0.2,10.0,0.018
Manufacture de Panneaux Bois du Sud - MPBS -,2018,0.18,0.2,10.0,0.018
MODERN LEASING,2018,0.25,-0.16666666666666663,10.0,0.025
NEW BODY LINE ,2018,0.4,0.08108108108108115,10.0,0.04
ONE TECH HOLDING,2018,0.3,0.15384615384615377,10.0,0.03
OFFICE PLAST,2018,0.055,0.0,10.0,0.0055
Placements de Tunisie - SICAF,2018,2.0,0.0,10.0,0.2
POULINA GROUP HOLDING,2018,0.335,0.1964285714285714,10.0,0.0335
SERVICOM,2018,0.1,0.4285714285714285,10.0,0.01
SIAME ,2018,0.1,0.4285714285714285,10.0,0.01
SIPHAT,2018,1.0,0.0,10.0,0.1
SITS ,2018,1.0,0.0,10.0,0.1
Société d'Articles Hygiéniques SAH -,2018,1.0,0.0,10.0,0.1
Société d'Assurances SALIM,2018,1.0,0.0,10.0,0.1
Société de Fabrication des Boissons de Tunisie -SFBT- ,2018,0.65,0.0,10.0,0.065
Société de Production Agricole Teboulba - SOPAT -,2018,0.8,0.23076923076923078,10.0,0.08
Société de Transport des Hydrocarbures par Pipelines - SOTRAPIL -,2018,0.8,0.23076923076923078,10.0,0.08
Société Délice Holding,2018,0.41,-0.023809523809523832,10.0,0.040999999999999995
Société ESSOUKNA ,2018,0.24,0.0,10.0,0.024
Société Générale Industrielle de Filtration -GIF- ,2018,1.25,-0.16666666666666666,10.0,0.125
Société Immobilière et de Participation -SIMPAR-,2018,1.25,-0.16666666666666666,10.0,0.125
Société l'Accumlateur Tunisien ASSAD ,2018,0.35,4.833333333333333,10.0,0.034999999999999996
Société Moderne de Céramique -SOMOCER-,2018,0.075,-0.5481481481481482,10.0,0.0075
Société Nouvelle Maison de la Ville de Tunis  -MONOPRIX-,2018,0.2,-0.5481481481481482,10.0,0.02
Société Tunisienne d'Assurances et de Réassurances - STAR-,2018,1.22,-0.5481481481481482,10.0,0.122
Société Tunisienne de Banque -STB-,2018,0.5,0.0,10.0,0.05
Société Tunisienne de l'Air -TUNISAIR -,2018,0.5,0.0,10.0,0.05
Société Tunisienne de Réassurance -TUNIS RE -,2018,0.5,0.0,10.0,0.05
Société Tunisienne de Verreries - SOTUVER -,2018,0.26,0.18181818181818185,10.0,0.026000000000000002
Société Tunisienne d'Entreprises de Télécommunications - SOTETEL -,2018,0.1,0.0,10.0,0.01
Société Tunisienne d'Equpement - STEQ -,2018,0.1,0.0,10.0,0.01
Société Tunisienne des Marchés de Gros - SOTUMAG -,2018,0.1,0.0,10.0,0.01
Société Tunisienne Industrielle du Papier et du Carton - SOTIPAPIER -,2018,0.245,0.22499999999999992,10.0,0.0245
Société Tunisiennes des Induustries Pneumatiques -STIP -,2018,0.55,0.0,10.0,0.05500000000000001
SOTEMAIL,2018,0.55,0.0,10.0,0.05500000000000001
Sté de Place. et de Dévelop.Ind. et Touris. SICAF - SPDIT -,2018,0.55,0.0,10.0,0.05500000000000001
Tawasol Group Holding,2018,0.5,1.4999999999999998,10.0,0.05
Telnet holding ,2018,0.5,1.4999999999999998,10.0,0.05
Tuninvest- SICAR ,2018,0.5,0.0,10.0,0.05
Tunisie Leasing ,2018,1.0,0.0,10.0,0.1
Tunisie Profilés Aluminium -TPR-,2018,0.23,0.15,10.0,0.023
UADH,2018,0.15,0.0,10.0,0.015
Union Bancaire pour le Commerce et l'Industrie -UBCI -,2018,1.0,0.42857142857142866,10.0,0.1
Union Internationale de Banque -UIB- ,2018,0.65,0.08333333333333341,10.0,0.065
Unité de Fabrication de Médicaments «UNIMED»,2018,0.235,0.04444444444444436,10.0,0.0235
SANIMED,2018,0.06,-0.07692307692307698,10.0,0.006
Société Atelier du Meuble Interieur - SAM -,2018,0.26,-0.13333333333333328,10.0,0.026000000000000002
ADWYA,2019,0.1,-0.33333333333333326,10.0,0.01
AE-TECH,2019,4.5,0.0975609756097562,10.0,0.45
Air Liquide Tunisie ,2019,4.5,0.0975609756097562,10.0,0.45
ALKIMIA,2019,1.35,0.08000000000000007,10.0,0.135
Amen Bank ,2019,1.35,0.08000000000000007,10.0,0.135
AMS,2019,0.07,-0.6956521739130435,10.0,0.007000000000000001
Arab Tunisian Bank -ATB-,2019,0.07,-0.6956521739130435,10.0,0.007000000000000001
Arab Tunisian Lease ,2019,0.2,-0.19999999999999996,10.0,0.02
ARTES,2019,0.53,-0.13821138211382109,10.0,0.053000000000000005
Attijari Bank ,2019,2.2,0.8333333333333336,10.0,0.22000000000000003
ATTIJARI LEASING,2019,1.2,0.0,10.0,0.12
BH Bank,2019,0.6,0.0,10.0,0.06
BH Assurance,2019,0.25,-0.37500000000000006,10.0,0.025
Banque de Tunisie,2019,0.25,-0.37500000000000006,10.0,0.025
Banque de Tunisie et des Emirats  -BTE-,2019,5.0,0.17647058823529413,10.0,0.5
Banque Internationale Arabe de Tunisie -BIAT- ,2019,5.0,0.17647058823529413,10.0,0.5
Banque Nationale Agricole -BNA-,2019,0.12,0.0,10.0,0.012
BEST LEASE,2019,0.12,0.0,10.0,0.012
Carthage Cement,2019,0.15,0.15384615384615377,10.0,0.015
CELLCOM,2019,0.15,0.15384615384615377,10.0,0.015
CEREALIS,2019,0.15,0.15384615384615377,10.0,0.015
Cie Intenationale de Leasing - CIL-,2019,1.0,0.11111111111111108,10.0,0.1
CIMENTS DE BIZERTE,2019,0.95,0.03260869565217382,10.0,0.095
CITY CARS,2019,0.95,0.03260869565217382,10.0,0.095
Compagnie d'Assurances et de Réassurances  -ASTREE-,2019,1.8,0.12499999999999997,10.0,0.18
WIFACK INTERNATIONAL BANK,2019,0.58,-0.10769230769230778,10.0,0.057999999999999996
ELECTROSTAR,2019,0.58,-0.10769230769230778,10.0,0.057999999999999996
ENNAKL Automobiles,2019,0.58,-0.10769230769230778,10.0,0.057999999999999996
EURO CYCLES,2019,1.2,-0.20000000000000004,10.0,0.12
HANNIBAL LEASE,2019,0.3,-0.4,10.0,0.03
HEXABYTE,2019,0.35,0.0,10.0,0.034999999999999996
Industries Chimiques du Fluor -ICF-,2019,9.0,1.25,10.0,0.9
Land'or ,2019,0.6,-0.4285714285714285,10.0,0.06
Magasin Général,2019,0.4,-0.4285714285714285,10.0,0.04
Maghreb International Publicité -MIP -,2019,0.2,0.11111111111111122,10.0,0.02
Manufacture de Panneaux Bois du Sud - MPBS -,2019,0.2,0.11111111111111122,10.0,0.02
MODERN LEASING,2019,0.6,0.4999999999999999,10.0,0.06
NEW BODY LINE ,2019,0.6,0.4999999999999999,10.0,0.06
ONE TECH HOLDING,2019,0.33,0.10000000000000009,10.0,0.033
OFFICE PLAST,2019,0.075,0.3636363636363636,10.0,0.0075
Placements de Tunisie - SICAF,2019,2.2,0.10000000000000009,10.0,0.22000000000000003
POULINA GROUP HOLDING,2019,0.335,0.0,10.0,0.0335
SERVICOM,2019,0.15,0.4999999999999999,10.0,0.015
SIAME ,2019,0.15,0.4999999999999999,10.0,0.015
SIPHAT,2019,0.65,0.0,10.0,0.065
SITS ,2019,0.65,0.0,10.0,0.065
Société d'Articles Hygiéniques SAH -,2019,0.65,0.0,10.0,0.065
Société de Fabrication des Boissons de Tunisie -SFBT- ,2019,0.65,0.0,10.0,0.065
Société de Production Agricole Teboulba - SOPAT -,2019,0.95,0.1874999999999999,10.0,0.095
Société de Transport des Hydrocarbures par Pipelines - SOTRAPIL -,2019,0.95,0.1874999999999999,10.0,0.095
Société Délice Holding,2019,0.41,0.0,10.0,0.040999999999999995
Société ESSOUKNA ,2019,0.07,-0.7083333333333333,10.0,0.007000000000000001
Société Générale Industrielle de Filtration -GIF- ,2019,0.35,0.0,10.0,0.034999999999999996
Société Immobilière et de Participation -SIMPAR-,2019,0.35,0.0,10.0,0.034999999999999996
Société l'Accumlateur Tunisien ASSAD ,2019,0.35,0.0,10.0,0.034999999999999996
Société Moderne de Céramique -SOMOCER-,2019,3.075,1.5204918032786887,10.0,0.3075
Société Nouvelle Maison de la Ville de Tunis  -MONOPRIX-,2019,3.075,1.5204918032786887,10.0,0.3075
Société Tunisienne d'Assurances et de Réassurances - STAR-,2019,3.075,1.5204918032786887,10.0,0.3075
Société Tunisienne de Banque -STB-,2019,0.55,0.10000000000000009,10.0,0.05500000000000001
Société Tunisienne de l'Air -TUNISAIR -,2019,0.55,0.10000000000000009,10.0,0.05500000000000001
Société Tunisienne de Réassurance -TUNIS RE -,2019,0.55,0.10000000000000009,10.0,0.05500000000000001
Société Tunisienne de Verreries - SOTUVER -,2019,0.3,0.15384615384615377,10.0,0.03
Société Tunisienne d'Entreprises de Télécommunications - SOTETEL -,2019,0.1,0.09999999999999995,10.0,0.01
Société Tunisienne d'Equpement - STEQ -,2019,0.11,0.09999999999999995,10.0,0.011
Société Tunisienne des Marchés de Gros - SOTUMAG -,2019,0.11,0.09999999999999995,10.0,0.011
Société Tunisienne Industrielle du Papier et du Carton - SOTIPAPIER -,2019,0.33,0.3469387755102042,10.0,0.033
Société Tunisiennes des Induustries Pneumatiques -STIP -,2019,0.6,0.09090909090909079,10.0,0.06
SOTEMAIL,2019,0.6,0.09090909090909079,10.0,0.06
Sté de Place. et de Dévelop.Ind. et Touris. SICAF - SPDIT -,2019,0.6,0.09090909090909079,10.0,0.06
Tawasol Group Holding,2019,0.7,0.3999999999999999,10.0,0.06999999999999999
Telnet holding ,2019,0.7,0.3999999999999999,10.0,0.06999999999999999
Tuninvest- SICAR ,2019,0.5,0.0,10.0,0.05
Tunisie Leasing et Factoring,2019,0.65,-0.35,10.0,0.065
Tunisie Profilés Aluminium -TPR-,2019,0.24,0.04347826086956513,10.0,0.024
TUNISIE VALEURS,2019,1.8,-0.13461538461538464,10.0,0.18
UADH,2019,1.2,0.19999999999999996,10.0,0.12
Union Bancaire pour le Commerce et l'Industrie -UBCI -,2019,1.2,0.19999999999999996,10.0,0.12
Union Internationale de Banque -UIB- ,2019,0.7,0.07692307692307682,10.0,0.06999999999999999
Unité de Fabrication de Médicaments «UNIMED»,2019,0.345,0.4680851063829787,10.0,0.034499999999999996
SANIMED,2019,0.3,0.15384615384615377,10.0,0.03
Société Atelier du Meuble Interieur - SAM -,2019,0.3,0.15384615384615377,10.0,0.03
ADWYA,2020,0.287,-0.4584905660377359,10.0,0.028699999999999996
AE-TECH,2020,0.287,-0.4584905660377359,10.0,0.028699999999999996
Air Liquide Tunisie ,2020,0.287,-0.4584905660377359,10.0,0.028699999999999996
ALKIMIA,2020,0.287,-0.4584905660377359,10.0,0.028699999999999996
Amen Bank ,2020,0.287,-0.4584905660377359,10.0,0.028699999999999996
AMS,2020,0.287,-0.4584905660377359,10.0,0.028699999999999996
Arab Tunisian Bank -ATB-,2020,0.287,-0.4584905660377359,10.0,0.028699999999999996
Arab Tunisian Lease ,2020,0.287,-0.4584905660377359,10.0,0.028699999999999996
ARTES,2020,0.287,-0.4584905660377359,10.0,0.028699999999999996
Attijari Bank ,2020,1.0,0.06666666666666674,10.0,0.1
ATTIJARI LEASING,2020,1.0,0.06666666666666674,10.0,0.1
BH Bank,2020,1.0,0.06666666666666674,10.0,0.1
BH Assurance,2020,1.0,0.06666666666666674,10.0,0.1
Banque de Tunisie,2020,0.16,0.06666666666666674,10.0,0.016
Banque de Tunisie et des Emirats  -BTE-,2020,0.16,0.06666666666666674,10.0,0.016
Banque Internationale Arabe de Tunisie -BIAT- ,2020,0.16,0.06666666666666674,10.0,0.016
Banque Nationale Agricole -BNA-,2020,0.16,0.06666666666666674,10.0,0.016
BEST LEASE,2020,0.16,0.06666666666666674,10.0,0.016
Carthage Cement,2020,0.16,0.06666666666666674,10.0,0.016
CELLCOM,2020,0.16,0.06666666666666674,10.0,0.016
CEREALIS,2020,0.16,0.06666666666666674,10.0,0.016
Cie Intenationale de Leasing - CIL-,2020,0.6,-0.3684210526315789,10.0,0.06
CIMENTS DE BIZERTE,2020,0.6,-0.3684210526315789,10.0,0.06
CITY CARS,2020,0.6,-0.3684210526315789,10.0,0.06
Compagnie d'Assurances et de Réassurances  -ASTREE-,2020,6.0,2.3333333333333335,10.0,0.6
WIFACK INTERNATIONAL BANK,2020,0.25,-0.5689655172413792,10.0,0.025
ELECTROSTAR,2020,0.25,-0.5689655172413792,10.0,0.025
ENNAKL Automobiles,2020,0.25,-0.5689655172413792,10.0,0.025
EURO CYCLES,2020,1.09,-0.09166666666666656,10.0,0.10900000000000001
HANNIBAL LEASE,2020,0.54,0.542857142857143,10.0,0.054000000000000006
HEXABYTE,2020,0.54,0.542857142857143,10.0,0.054000000000000006
Industries Chimiques du Fluor -ICF-,2020,8.0,-0.1111111111111111,10.0,0.8
Land'or ,2020,0.18,-0.7,10.0,0.018
Magasin Général,2020,0.25,-1.0,10.0,0.025
Maghreb International Publicité -MIP -,2020,0.25,-0.5833333333333334,10.0,0.025
Manufacture de Panneaux Bois du Sud - MPBS -,2020,0.25,-0.5833333333333334,10.0,0.025
MODERN LEASING,2020,0.25,-0.5833333333333334,10.0,0.025
NEW BODY LINE ,2020,0.25,-0.5833333333333334,10.0,0.025
ONE TECH HOLDING,2020,0.25,-0.24242424242424246,10.0,0.025
OFFICE PLAST,2020,0.03,-0.6,10.0,0.003
Placements de Tunisie - SICAF,2020,2.2,0.0,10.0,0.22000000000000003
POULINA GROUP HOLDING,2020,0.3,-0.1044776119402986,10.0,0.03
SERVICOM,2020,0.12,-0.2,10.0,0.012
SIAME ,2020,0.12,-0.2,10.0,0.012
SIPHAT,2020,0.15,0.0,10.0,0.015
SITS ,2020,0.15,0.0,10.0,0.015
Société d'Articles Hygiéniques SAH -,2020,0.15,0.0,10.0,0.015
Société de Fabrication des Boissons de Tunisie -SFBT- ,2020,0.65,0.0,10.0,0.065
Société de Production Agricole Teboulba - SOPAT -,2020,1.05,0.10526315789473695,10.0,0.10500000000000001
Société de Transport des Hydrocarbures par Pipelines - SOTRAPIL -,2020,1.05,0.10526315789473695,10.0,0.10500000000000001
Société Délice Holding,2020,0.333,-0.1878048780487804,10.0,0.0333
Société ESSOUKNA ,2020,0.035,-0.5,10.0,0.0035000000000000005
Société Générale Industrielle de Filtration -GIF- ,2020,0.25,-0.28571428571428564,10.0,0.025
Société Immobilière et de Participation -SIMPAR-,2020,0.25,-0.28571428571428564,10.0,0.025
Société l'Accumlateur Tunisien ASSAD ,2020,0.25,-0.28571428571428564,10.0,0.025
Société Moderne de Céramique -SOMOCER-,2020,3.82,0.2422764227642275,10.0,0.382
Société Nouvelle Maison de la Ville de Tunis  -MONOPRIX-,2020,3.82,0.2422764227642275,10.0,0.382
Société Tunisienne d'Assurances et de Réassurances - STAR-,2020,3.82,0.2422764227642275,10.0,0.382
Société Tunisienne de Banque -STB-,2020,0.15,-0.5,10.0,0.015
Société Tunisienne de l'Air -TUNISAIR -,2020,0.15,-0.5,10.0,0.015
Société Tunisienne de Réassurance -TUNIS RE -,2020,0.15,-0.5,10.0,0.015
Société Tunisienne de Verreries - SOTUVER -,2020,0.15,-0.5,10.0,0.015
Société Tunisienne d'Entreprises de Télécommunications - SOTETEL -,2020,0.14,0.2727272727272728,10.0,0.014000000000000002
Société Tunisienne d'Equpement - STEQ -,2020,0.14,0.2727272727272728,10.0,0.014000000000000002
Société Tunisienne des Marchés de Gros - SOTUMAG -,2020,0.14,0.2727272727272728,10.0,0.014000000000000002
Société Tunisienne Industrielle du Papier et du Carton - SOTIPAPIER -,2020,0.465,0.4090909090909091,10.0,0.0465
Société Tunisiennes des Induustries Pneumatiques -STIP -,2020,0.6,0.0,10.0,0.06
SOTEMAIL,2020,0.6,0.0,10.0,0.06
Sté de Place. et de Dévelop.Ind. et Touris. SICAF - SPDIT -,2020,0.6,0.0,10.0,0.06
Tawasol Group Holding,2020,0.2,-0.7142857142857143,10.0,0.02
Telnet holding ,2020,0.2,-0.7142857142857143,10.0,0.02
Tuninvest- SICAR ,2020,0.5,0.0,10.0,0.05
Tunisie Leasing et Factoring,2020,0.675,-0.625,10.0,0.0675
Tunisie Profilés Aluminium -TPR-,2020,0.675,-0.625,10.0,0.0675
TUNISIE VALEURS,2020,0.675,-0.625,10.0,0.0675
UADH,2020,0.15,-1.0,10.0,0.015
Union Bancaire pour le Commerce et l'Industrie -UBCI -,2020,0.15,-1.0,10.0,0.015
Union Internationale de Banque -UIB- ,2020,0.15,-1.0,10.0,0.015
Unité de Fabrication de Médicaments «UNIMED»,2020,0.15,-1.0,10.0,0.015
SANIMED,2020,0.15,-0.5,10.0,0.015
Société Atelier du Meuble Interieur - SAM -,2020,0.15,-0.5,10.0,0.015
ADWYA,2021,0.1,1.787456445993032,10.0,0.01
AE-TECH,2021,4.5,1.787456445993032,10.0,0.45
Air Liquide Tunisie ,2021,4.5,1.787456445993032,10.0,0.45
ALKIMIA,2021,2.15,1.787456445993032,10.0,0.215
Amen Bank ,2021,2.15,1.787456445993032,10.0,0.215
AMS,2021,0.075,1.787456445993032,10.0,0.0075
Arab Tunisian Bank -ATB-,2021,0.075,1.787456445993032,10.0,0.0075
Arab Tunisian Lease ,2021,0.075,1.787456445993032,10.0,0.0075
ARTES,2021,0.8,1.787456445993032,10.0,0.08
ASSURANCES MAGHREBIA ,2021,1.87,0.0,10.0,0.187
Attijari Bank ,2021,2.7,0.0,10.0,0.27
ATTIJARI LEASING,2021,0.5,0.0,10.0,0.05
BH Bank,2021,0.6,0.0,10.0,0.06
BH Assurance,2021,1.0,0.0,10.0,0.1
Banque de Tunisie,2021,0.35,0.06250000000000006,10.0,0.034999999999999996
Banque de Tunisie et des Emirats  -BTE-,2021,5.0,0.06250000000000006,10.0,0.5
Banque Internationale Arabe de Tunisie -BIAT- ,2021,5.0,0.06250000000000006,10.0,0.5
Banque Nationale Agricole -BNA-,2021,0.5,0.06250000000000006,10.0,0.05
BEST LEASE,2021,0.11,0.06250000000000006,10.0,0.011
Carthage Cement,2021,0.17,0.06250000000000006,10.0,0.017
CELLCOM,2021,0.17,0.06250000000000006,10.0,0.017
CEREALIS,2021,0.17,0.06250000000000006,10.0,0.017
Compagnie Intenationale de Leasing - CIL-,2021,1.795,0.3833333333333333,10.0,0.1795
CIMENTS DE BIZERTE,2021,0.83,0.3833333333333333,10.0,0.08299999999999999
CITY CARS,2021,0.83,0.3833333333333333,10.0,0.08299999999999999
Compagnie d'Assurances et de Réassurances  -ASTREE-,2021,2.8,-0.5333333333333333,10.0,0.27999999999999997
WIFACK INTERNATIONAL BANK,2021,0.65,1.6,10.0,0.065
ELECTROSTAR,2021,0.65,1.6,10.0,0.065
ENNAKL Automobiles,2021,0.65,1.6,10.0,0.065
EURO CYCLES,2021,1.515,0.3899082568807338,10.0,0.1515
HANNIBAL LEASE,2021,1.5,-0.8125,10.0,0.15
Industries Chimiques du Fluor -ICF-,2021,1.5,-0.8125,10.0,0.15
Land'or ,2021,0.2,0.11111111111111122,10.0,0.02
Magasin Général,2021,0.1,0.43999999999999995,10.0,0.01
Maghreb International Publicité -MIP -,2021,0.1,0.43999999999999995,10.0,0.01
Manufacture de Panneaux Bois du Sud - MPBS -,2021,0.1,0.43999999999999995,10.0,0.01
BH LEASING,2021,0.36,0.43999999999999995,10.0,0.036
NEW BODY LINE ,2021,0.36,0.43999999999999995,10.0,0.036
ONE TECH HOLDING,2021,0.25,0.0,10.0,0.025
OFFICE PLAST,2021,0.02,-0.3333333333333333,10.0,0.002
Placements de Tunisie - SICAF,2021,4.0,0.818181818181818,10.0,0.4
POULINA GROUP HOLDING,2021,0.26,-0.13333333333333328,10.0,0.026000000000000002
SERVICOM,2021,0.12,0.0,10.0,0.012
SIAME ,2021,0.12,0.0,10.0,0.012
SIPHAT,2021,0.23,0.5333333333333334,10.0,0.023
SITS ,2021,0.23,0.5333333333333334,10.0,0.023
Société d'Articles Hygiéniques SAH -,2021,0.23,0.5333333333333334,10.0,0.023
Société de Fabrication des Boissons de Tunisie -SFBT- ,2021,0.715,0.09999999999999991,10.0,0.0715
Société de Production Agricole Teboulba - SOPAT -,2021,1.05,0.0,10.0,0.10500000000000001
Société de Transport des Hydrocarbures par Pipelines - SOTRAPIL -,2021,1.05,0.0,10.0,0.10500000000000001
Société Délice Holding,2021,0.37,0.11111111111111104,10.0,0.037
Société ESSOUKNA ,2021,2.84,-0.25654450261780104,10.0,0.284
Société Générale Industrielle de Filtration -GIF- ,2021,2.84,-0.25654450261780104,10.0,0.284
Société Immobilière et de Participation -SIMPAR-,2021,2.84,-0.25654450261780104,10.0,0.284
Société l'Accumlateur Tunisien ASSAD ,2021,2.84,-0.25654450261780104,10.0,0.284
Société Moderne de Céramique -SOMOCER-,2021,2.84,-0.25654450261780104,10.0,0.284
Société Nouvelle Maison de la Ville de Tunis  -MONOPRIX-,2021,2.84,-0.25654450261780104,10.0,0.284
Société Tunisienne d'Assurances et de Réassurances - STAR-,2021,2.84,-0.25654450261780104,10.0,0.284
Société Tunisienne de Banque -STB-,2021,0.245,1.2666666666666668,10.0,0.0245
Société Tunisienne de l'Air -TUNISAIR -,2021,0.245,1.2666666666666668,10.0,0.0245
Société Tunisienne de Réassurance -TUNIS RE -,2021,0.245,1.2666666666666668,10.0,0.0245
Société Tunisienne de Verreries - SOTUVER -,2021,0.34,1.2666666666666668,10.0,0.034
Société Tunisienne d'Entreprises de Télécommunications - SOTETEL -,2021,0.1,0.07142857142857129,10.0,0.01
Société Tunisienne des Marchés de Gros - SOTUMAG -,2021,0.15,0.07142857142857129,10.0,0.015
Société Tunisienne Industrielle du Papier et du Carton - SOTIPAPIER -,2021,0.425,-0.08602150537634416,10.0,0.042499999999999996
Société Tunisiennes des Induustries Pneumatiques -STIP -,2021,0.6,0.0,10.0,0.06
SOTEMAIL,2021,0.6,0.0,10.0,0.06
Sté de Place. et de Dévelop.Ind. et Touris. SICAF - SPDIT -,2021,0.6,0.0,10.0,0.06
Tawasol Group Holding,2021,0.25,0.24999999999999994,10.0,0.025
Telnet holding ,2021,0.25,0.24999999999999994,10.0,0.025
Tuninvest- SICAR ,2021,1.5,2.0,10.0,0.15
Tunisie Leasing et Factoring,2021,0.36,0.3333333333333335,10.0,0.036
Tunisie Profilés Aluminium -TPR-,2021,0.3,0.3333333333333335,10.0,0.03
UADH,2021,1.0,0.3333333333333335,10.0,0.1
Union Bancaire pour le Commerce et l'Industrie -UBCI -,2021,1.0,0.3333333333333335,10.0,0.1
Union Internationale de Banque -UIB- ,2021,0.7,0.3333333333333335,10.0,0.06999999999999999
Unité de Fabrication de Médicaments «UNIMED»,2021,0.468,0.3333333333333335,10.0,0.0468
SANIMED,2021,0.2,0.3333333333333335,10.0,0.02
Société Atelier du Meuble Interieur - SAM -,2021,0.2,0.3333333333333335,10.0,0.02
SMART TUNISIE ,2021,1.333,-0.20179640718562872,10.0,0.1333
ADWYA,2022,0.08,-0.20000000000000004,10.0,0.008
AE-TECH,2022,5.5,0.2222222222222222,10.0,0.55
Air Liquide Tunisie ,2022,5.5,0.2222222222222222,10.0,0.55
ALKIMIA,2022,1.45,-0.3255813953488372,10.0,0.145
Amen Bank ,2022,1.45,-0.3255813953488372,10.0,0.145
AMS,2022,0.2,1.6666666666666667,10.0,0.02
Arab Tunisian Bank -ATB-,2022,0.2,1.6666666666666667,10.0,0.02
Arab Tunisian Lease ,2022,0.2,1.6666666666666667,10.0,0.02
ARTES,2022,0.8,0.0,10.0,0.08
ASSURANCES MAGHREBIA ,2022,2.21,0.18181818181818174,10.0,0.221
ASSURANCES MAGHREBIA VIE,2022,1.89,0.3695652173913044,10.0,0.189
Attijari Bank ,2022,3.15,0.16666666666666655,10.0,0.315
ATTIJARI LEASING,2022,1.2,1.4,10.0,0.12
BH Bank,2022,0.95,0.5833333333333334,10.0,0.095
BH Assurance,2022,1.1,0.10000000000000009,10.0,0.11000000000000001
Banque de Tunisie,2022,0.28,-0.19999999999999987,10.0,0.028000000000000004
Banque de Tunisie et des Emirats  -BTE-,2022,5.2,0.040000000000000036,10.0,0.52
Banque Internationale Arabe de Tunisie -BIAT- ,2022,5.2,0.040000000000000036,10.0,0.52
Banque Nationale Agricole -BNA-,2022,0.8,0.6000000000000001,10.0,0.08
BEST LEASE,2022,0.116,0.05454545454545459,10.0,0.011600000000000001
Carthage Cement,2022,0.215,0.26470588235294107,10.0,0.0215
CELLCOM,2022,0.215,0.26470588235294107,10.0,0.0215
CEREALIS,2022,0.215,0.26470588235294107,10.0,0.0215
Compagnie Intenationale de Leasing - CIL-,2022,1.9,0.5060240963855422,10.0,0.19
CIMENTS DE BIZERTE,2022,1.25,0.5060240963855422,10.0,0.125
CITY CARS,2022,1.25,0.5060240963855422,10.0,0.125
Compagnie d'Assurances et de Réassurances  -ASTREE-,2022,2.8,0.0,10.0,0.27999999999999997
WIFACK INTERNATIONAL BANK,2022,0.65,0.0,10.0,0.065
ELECTROSTAR,2022,0.65,0.0,10.0,0.065
ENNAKL Automobiles,2022,0.65,0.0,10.0,0.065
EURO CYCLES,2022,1.67,0.10231023102310234,10.0,0.16699999999999998
HANNIBAL LEASE,2022,0.2,1.4666666666666668,10.0,0.02
Industries Chimiques du Fluor -ICF-,2022,3.7,1.4666666666666668,10.0,0.37
Land'or ,2022,0.5,1.4999999999999998,10.0,0.05
Magasin Général,2022,0.2,1.0,10.0,0.02
Maghreb International Publicité -MIP -,2022,0.2,1.0,10.0,0.02
Manufacture de Panneaux Bois du Sud - MPBS -,2022,0.2,1.0,10.0,0.02
BH LEASING,2022,0.5,0.38888888888888895,10.0,0.05
NEW BODY LINE ,2022,0.5,0.38888888888888895,10.0,0.05
ONE TECH HOLDING,2022,0.23,-0.07999999999999996,10.0,0.023
OFFICE PLAST,2022,3.9,-0.025000000000000022,10.0,0.39
Placements de Tunisie - SICAF,2022,3.9,-0.025000000000000022,10.0,0.39
POULINA GROUP HOLDING,2022,0.3,0.15384615384615377,10.0,0.03
SERVICOM,2022,0.18,0.5,10.0,0.018
SIAME ,2022,0.18,0.5,10.0,0.018
SIPHAT,2022,0.205,-0.10869565217391314,10.0,0.020499999999999997
SITS ,2022,0.205,-0.10869565217391314,10.0,0.020499999999999997
Société d'Articles Hygiéniques SAH -,2022,0.205,-0.10869565217391314,10.0,0.020499999999999997
Société de Fabrication des Boissons de Tunisie -SFBT- ,2022,0.715,0.0,10.0,0.0715
Société de Production Agricole Teboulba - SOPAT -,2022,1.1,0.04761904761904766,10.0,0.11000000000000001
Société de Transport des Hydrocarbures par Pipelines - SOTRAPIL -,2022,1.1,0.04761904761904766,10.0,0.11000000000000001
Société Délice Holding,2022,0.37,0.0,10.0,0.037
Société ESSOUKNA ,2022,3.65,0.2852112676056338,10.0,0.365
Société Générale Industrielle de Filtration -GIF- ,2022,3.65,0.2852112676056338,10.0,0.365
Société Immobilière et de Participation -SIMPAR-,2022,3.65,0.2852112676056338,10.0,0.365
Société l'Accumlateur Tunisien ASSAD ,2022,3.65,0.2852112676056338,10.0,0.365
Société Moderne de Céramique -SOMOCER-,2022,3.65,0.2852112676056338,10.0,0.365
Société Nouvelle Maison de la Ville de Tunis  -MONOPRIX-,2022,3.65,0.2852112676056338,10.0,0.365
Société Tunisienne d'Assurances et de Réassurances - STAR-,2022,3.65,0.2852112676056338,10.0,0.365
Société Tunisienne de Banque -STB-,2022,0.35,0.4285714285714285,10.0,0.034999999999999996
Société Tunisienne de l'Air -TUNISAIR -,2022,0.35,0.4285714285714285,10.0,0.034999999999999996
Société Tunisienne de Réassurance -TUNIS RE -,2022,0.35,0.4285714285714285,10.0,0.034999999999999996
Société Tunisienne de Verreries - SOTUVER -,2022,0.4,0.1764705882352941,10.0,0.04
Société Tunisienne d'Entreprises de Télécommunications - SOTETEL -,2022,0.395,1.6333333333333335,10.0,0.0395
Société Tunisienne des Marchés de Gros - SOTUMAG -,2022,0.395,1.6333333333333335,10.0,0.0395
Société Tunisienne Industrielle du Papier et du Carton - SOTIPAPIER -,2022,0.47,0.10588235294117644,10.0,0.047
Société Tunisiennes des Induustries Pneumatiques -STIP -,2022,0.6,0.0,10.0,0.06
SOTEMAIL,2022,0.6,0.0,10.0,0.06
Sté de Place. et de Dévelop.Ind. et Touris. SICAF - SPDIT -,2022,0.6,0.0,10.0,0.06
Tawasol Group Holding,2022,0.5,1.0,10.0,0.05
Telnet holding ,2022,0.5,1.0,10.0,0.05
Tuninvest- SICAR ,2022,0.5,0.38888888888888895,10.0,0.05
Tunisie Leasing et Factoring,2022,0.5,0.38888888888888895,10.0,0.05
Tunisie Profilés Aluminium -TPR-,2022,0.3,0.0,10.0,0.03
UADH,2022,0.75,-0.25,10.0,0.075
Union Bancaire pour le Commerce et l'Industrie -UBCI -,2022,0.75,-0.25,10.0,0.075
Union Internationale de Banque -UIB- ,2022,0.7,0.0,10.0,0.06999999999999999
Unité de Fabrication de Médicaments «UNIMED»,2022,0.406,-0.13247863247863248,10.0,0.040600000000000004
SANIMED,2022,0.215,0.07499999999999993,10.0,0.0215
Société Atelier du Meuble Interieur - SAM -,2022,0.215,0.07499999999999993,10.0,0.0215
SMART TUNISIE ,2022,2.25,0.6879219804951239,10.0,0.225
STA,2022,2.0,0.0,10.0,0.2
